{"0":10.6719,"1":10.6719,"2":10.6719,"3":10.6719,"4":10.6719,"5":10.6719,"6":10.6719,"7":10.6719,"8":10.6719,"9":10.6719,"a":10.6719,"b":10.6719,"c":10.6719,"d":10.6719,"e":10.6719,"f":6.23438,"g":10.6719,"h":10.6719,"i":5.32812,"j":5.32812,"k":10.6719,"l":5.32812,"m":16,"n":10.6719,"o":10.6719,"p":10.6719,"q":10.6719,"r":7.10938,"s":9.78125,"t":7.10938,"u":10.6719,"v":9.78125,"w":15.1094,"x":10.6719,"y":9.78125,"z":8.90625,"A":12.4531,"B":12.4531,"C":12.4531,"D":12.4531,"E":11.5625,"F":10.6719,"G":13.3281,"H":13.3281,"I":6.23438,"J":10.6719,"K":13.3281,"L":10.6719,"M":15.1094,"N":13.3281,"O":13.3281,"P":11.5625,"Q":13.3281,"R":12.4531,"S":11.5625,"T":11.5625,"U":13.3281,"V":12.4531,"W":16,"X":12.4531,"Y":12.4531,"Z":11.5625,"~":10.5625,"!":5.32812,"@":11.8438,"#":10.5625,"$":10.6719,"%":16,"^":10.5625,"&":14.2344,"*":8.90625,"(":6.23438,")":6.23438,"_":8,"+":10.5625," ":5.34375,"{":6.23438,"}":6.23438,"[":6.23438,"]":6.23438,"-":5.32812,"=":10.5625,"\\":4.45312,";":5.32812,":":5.32812,"'":4.45312,"\"":8,"?":9.78125,"/":4.45312,".":5.32812,">":10.5625,",":5.32812,"<":10.5625,"`":5.32812}