{"0":8.875,"1":8.875,"2":8.875,"3":8.875,"4":8.875,"5":8.875,"6":8.875,"7":8.875,"8":8.875,"9":8.875,"a":7.8125,"b":8.76562,"c":7.0625,"d":8.89062,"e":7.8125,"f":4.85938,"g":7.90625,"h":8.84375,"i":4.45312,"j":4.26562,"k":8.39062,"l":4.34375,"m":13.3125,"n":8.9375,"o":8.5,"p":8.90625,"q":8.76562,"r":6.625,"s":6.89062,"t":5.42188,"u":8.84375,"v":8.07812,"w":12.3906,"x":7.73438,"y":8.07812,"z":7.28125,"A":9.96875,"B":9.78125,"C":9,"D":10.5938,"E":9.20312,"F":8.59375,"G":9.78125,"H":11,"I":5.1875,"J":4.92188,"K":10.0781,"L":8.59375,"M":13.0469,"N":10.9062,"O":10.4531,"P":9.09375,"Q":10.4531,"R":9.9375,"S":7.9375,"T":9.5,"U":10.375,"V":9.67188,"W":14.75,"X":9.14062,"Y":9.125,"Z":8.60938,"~":11.4062,"!":4.57812,"@":14.1719,"#":9.90625,"$":8.10938,"%":14.25,"^":8.875,"&":11,"*":6.84375,"(":6.125,")":6.125,"_":5.9375,"+":8.875," ":3.53125,"{":6.20312,"}":6.20312,"[":5.60938,"]":5.60938,"-":5.3125,"=":8.875,"\\":7.84375,";":4.23438,":":4.23438,"'":3.79688,"\"":6.29688,"?":6.76562,"/":7.84375,".":3.28125,">":8.875,",":3.28125,"<":8.875,"`":4.5625}