{"0":8.10938,"1":8.10938,"2":8.10938,"3":8.10938,"4":8.10938,"5":8.10938,"6":8.10938,"7":8.10938,"8":8.10938,"9":8.10938,"a":7.67188,"b":8.40625,"c":6.76562,"d":8.40625,"e":7.96875,"f":4.89062,"g":7.53125,"h":8.40625,"i":3.67188,"j":3.82812,"k":7.28125,"l":3.67188,"m":12.7812,"n":8.40625,"o":8.4375,"p":8.40625,"q":8.40625,"r":5.57812,"s":6.26562,"t":5.35938,"u":8.40625,"v":7.23438,"w":11.4375,"x":6.9375,"y":7.25,"z":6.32812,"A":9.26562,"B":8.70312,"C":8.53125,"D":9.84375,"E":7.8125,"F":7.35938,"G":10.0938,"H":9.96875,"I":4.03125,"J":5.10938,"K":8.3125,"L":6.73438,"M":13.6875,"N":10.3281,"O":10.5938,"P":8.26562,"Q":10.7656,"R":8.6875,"S":7.35938,"T":7.79688,"U":10.2656,"V":9.07812,"W":14.2344,"X":8.3125,"Y":7.79688,"Z":7.5,"~":7.96875,"!":5.21875,"@":14.3125,"#":7.96875,"$":8.10938,"%":11.4375,"^":7.96875,"&":10.9219,"*":7.96875,"(":4.85938,")":4.85938,"_":7.96875,"+":7.96875," ":3.625,"{":5.03125,"}":5.03125,"[":4.90625,"]":4.90625,"-":4.90625,"=":7.96875,"\\":6.1875,";":4.28125,":":4.28125,"'":3.53125,"\"":6.42188,"?":7.42188,"/":6.1875,".":4.04688,">":7.96875,",":4,"<":7.96875,"`":4.65625}