{"0":9.76562,"1":7.20312,"2":9.76562,"3":9.76562,"4":9.76562,"5":9.76562,"6":9.76562,"7":9.76562,"8":9.76562,"9":9.76562,"a":8.1875,"b":9.5,"c":8.21875,"d":9.40625,"e":8.76562,"f":8.14062,"g":8.5,"h":9.25,"i":4.48438,"j":6.45312,"k":8.64062,"l":4.39062,"m":12.4375,"n":8.375,"o":8.42188,"p":8.5625,"q":8.32812,"r":7.6875,"s":7.79688,"t":7.54688,"u":8.32812,"v":7.78125,"w":10.9531,"x":9.45312,"y":8.32812,"z":8.60938,"A":11.7031,"B":10.0938,"C":9.64062,"D":11.5469,"E":10,"F":9.71875,"G":10.875,"H":12.2969,"I":8.75,"J":10.6406,"K":9.78125,"L":8.8125,"M":14.125,"N":12.75,"O":12.7812,"P":8.32812,"Q":14.0312,"R":10.0625,"S":11.0938,"T":10.875,"U":11.7969,"V":10.4062,"W":16.6406,"X":11.5781,"Y":10.1719,"Z":11.0938,"~":9.5625,"!":3.8125,"@":14.9062,"#":13.4844,"$":11.0938,"%":13.125,"^":9.29688,"&":10.4688,"*":8.48438,"(":5.85938,")":5.85938,"_":10.0312,"+":7.6875," ":4.78125,"{":5.85938,"}":5.85938,"[":6.03125,"]":6.03125,"-":6.67188,"=":8.17188,"\\":8.79688,";":4.78125,":":4.78125,"'":6.21875,"\"":6.79688,"?":8.39062,"/":8.1875,".":3.98438,">":6.10938,",":4.4375,"<":6.10938,"`":8.90625}