{"0":10.1875,"1":10.1875,"2":10.1875,"3":10.1875,"4":10.1875,"5":10.1875,"6":10.1875,"7":10.1875,"8":10.1875,"9":10.1875,"a":9.54688,"b":10.25,"c":8.96875,"d":10.25,"e":9.46875,"f":5.92188,"g":10.25,"h":10.3125,"i":5.10938,"j":4.96875,"k":9.6875,"l":5.10938,"m":15.1719,"n":10.3125,"o":9.64062,"p":10.25,"q":10.25,"r":7.65625,"s":8.21875,"t":6.42188,"u":10.3125,"v":9.03125,"w":13.6875,"x":9.01562,"y":9.03125,"z":8.42188,"A":11.5625,"B":11.75,"C":12.25,"D":12.8281,"E":11.6719,"F":11.0938,"G":12.7812,"H":13.9531,"I":6.32812,"J":6.40625,"K":11.9531,"L":10.625,"M":16.375,"N":14.0156,"O":13.1094,"P":10.7656,"Q":13.1094,"R":12.0469,"S":10.9688,"T":10.6562,"U":13.4844,"V":11.5625,"W":16.4375,"X":11.3906,"Y":10.5625,"Z":11.1094,"~":13.4062,"!":6.42188,"@":16.0156,"#":13.4062,"$":10.1875,"%":15.2031,"^":13.4062,"&":14.25,"*":8.01562,"(":6.79688,")":6.79688,"_":8.01562,"+":12.6094," ":5.07812,"{":6.70312,"}":6.70312,"[":6.71875,"]":6.71875,"-":5.40625,"=":12.6094,"\\":7.23438,";":5.39062,":":5.39062,"'":4.39062,"\"":7.35938,"?":8.57812,"/":7.23438,".":5.07812,">":12.7344,",":5.07812,"<":12.7344,"`":8.01562}