{"0":10.1875,"1":10.1875,"2":10.1875,"3":10.1875,"4":10.1875,"5":10.1875,"6":10.1875,"7":10.1875,"8":10.1875,"9":10.1875,"a":9.8125,"b":10.1562,"c":8.79688,"d":10.1562,"e":9.84375,"f":5.64062,"g":10.1562,"h":10.1406,"i":4.45312,"j":4.45312,"k":9.26562,"l":4.45312,"m":15.5938,"n":10.1406,"o":9.79688,"p":10.1562,"q":10.1562,"r":6.57812,"s":8.34375,"t":6.28125,"u":10.1406,"v":9.46875,"w":13.0938,"x":9.46875,"y":9.46875,"z":8.40625,"A":10.9531,"B":10.9844,"C":11.1719,"D":12.3281,"E":10.1094,"F":9.20312,"G":12.4062,"H":12.0312,"I":4.71875,"J":4.71875,"K":10.5,"L":8.92188,"M":13.8125,"N":11.9688,"O":12.5938,"P":9.65625,"Q":12.5938,"R":11.125,"S":10.1562,"T":9.78125,"U":11.7188,"V":10.9531,"W":15.8281,"X":10.9688,"Y":9.78125,"Z":10.9688,"~":13.4062,"!":6.42188,"@":16,"#":13.4062,"$":10.1875,"%":15.2031,"^":13.4062,"&":12.4844,"*":8,"(":6.25,")":6.25,"_":8,"+":13.4062," ":5.09375,"{":10.1875,"}":10.1875,"[":6.25,"]":6.25,"-":5.78125,"=":13.4062,"\\":5.39062,";":5.39062,":":5.39062,"'":4.40625,"\"":7.35938,"?":8.5,"/":5.39062,".":5.09375,">":13.4062,",":5.09375,"<":13.4062,"`":8}