{"0":8.35938,"1":8.35938,"2":8.35938,"3":8.35938,"4":8.35938,"5":8.35938,"6":8.35938,"7":8.35938,"8":8.35938,"9":8.35938,"a":7.10938,"b":8,"c":7.10938,"d":8,"e":7.10938,"f":5.32812,"g":8,"h":8,"i":4.45312,"j":4.45312,"k":8,"l":4.45312,"m":12.4531,"n":8,"o":8,"p":8,"q":8,"r":5.32812,"s":6.23438,"t":4.45312,"u":8,"v":8,"w":11.5625,"x":8,"y":8,"z":7.10938,"A":11.5625,"B":10.6719,"C":10.6719,"D":11.5625,"E":9.78125,"F":8.90625,"G":11.5625,"H":11.5625,"I":5.32812,"J":6.23438,"K":11.5625,"L":9.78125,"M":14.2344,"N":11.5625,"O":11.5625,"P":8.90625,"Q":11.5625,"R":10.6719,"S":8.90625,"T":9.78125,"U":11.5625,"V":11.5625,"W":15.1094,"X":11.5625,"Y":11.5625,"Z":9.78125,"~":9.03125,"!":4.29688,"@":10.2188,"#":8.35938,"$":8.35938,"%":8.35938,"^":8.39062,"&":8.35938,"*":8.34375,"(":5,")":5,"_":9.60938,"+":9.70312," ":8,"{":5.625,"}":5.625,"[":5.03125,"]":5.03125,"-":9.70312,"=":9.98438,"\\":8.39062,";":3.51562,":":3.51562,"'":4.42188,"\"":7.78125,"?":8.01562,"/":8.39062,".":3.51562,">":9.60938,",":3.51562,"<":9.60938,"`":5.01562}