{"0":7.51562,"1":7.51562,"2":7.51562,"3":7.51562,"4":7.51562,"5":7.51562,"6":7.51562,"7":7.51562,"8":7.51562,"9":7.51562,"a":7.34375,"b":8.125,"c":7,"d":8.32812,"e":7.39062,"f":4.98438,"g":7.8125,"h":8.82812,"i":4.34375,"j":4.14062,"k":8,"l":4.34375,"m":12.8594,"n":8.82812,"o":8.04688,"p":8.48438,"q":8.25,"r":6.34375,"s":6.1875,"t":5.51562,"u":8.48438,"v":7.89062,"w":11.2969,"x":8.04688,"y":7.89062,"z":7.07812,"A":9.53125,"B":8.79688,"C":8.57812,"D":9.48438,"E":7.9375,"F":7.65625,"G":9.32812,"H":10.4688,"I":4.76562,"J":4.89062,"K":9.25,"L":7.625,"M":12.9062,"N":10.3906,"O":9.60938,"P":8.375,"Q":9.60938,"R":8.98438,"S":7.625,"T":8.8125,"U":10.4688,"V":10.4062,"W":13.6094,"X":9.84375,"Y":9.51562,"Z":8.375,"~":7.8125,"!":4.35938,"@":12.9219,"#":7.51562,"$":7.51562,"%":11.0469,"^":7.875,"&":10.6719,"*":7.15625,"(":5.07812,")":5.07812,"_":7.51562,"+":6.5625," ":3.53125,"{":5.375,"}":5.375,"[":4.9375,"]":4.9375,"-":5.39062,"=":7.03125,"\\":7.51562,";":3.67188,":":3.67188,"'":4,"\"":6.79688,"?":6.9375,"/":7.51562,".":3.67188,">":7.03125,",":3.67188,"<":7.03125,"`":5.10938}