{"0":7.70312,"1":7.70312,"2":7.70312,"3":7.70312,"4":7.70312,"5":7.70312,"6":7.70312,"7":7.70312,"8":7.70312,"9":7.70312,"a":7.5625,"b":8.28125,"c":7.09375,"d":8.54688,"e":7.51562,"f":5.14062,"g":7.96875,"h":8.98438,"i":4.5,"j":4.29688,"k":8.28125,"l":4.5,"m":13.0781,"n":8.98438,"o":8.17188,"p":8.64062,"q":8.42188,"r":6.59375,"s":6.35938,"t":5.65625,"u":8.65625,"v":7.96875,"w":11.3594,"x":8.15625,"y":7.96875,"z":7.21875,"A":9.70312,"B":9.07812,"C":8.70312,"D":9.71875,"E":8.09375,"F":7.8125,"G":9.4375,"H":10.625,"I":4.92188,"J":5.04688,"K":9.46875,"L":7.79688,"M":13.125,"N":10.4688,"O":9.71875,"P":8.60938,"Q":9.71875,"R":9.21875,"S":7.8125,"T":8.96875,"U":10.5469,"V":10.4844,"W":13.6094,"X":9.92188,"Y":9.60938,"Z":8.48438,"~":7.8125,"!":4.54688,"@":13.2969,"#":7.70312,"$":7.70312,"%":11.25,"^":7.875,"&":10.8125,"*":7.125,"(":5.15625,")":5.15625,"_":7.59375,"+":6.625," ":3.6875,"{":5.45312,"}":5.45312,"[":5.09375,"]":5.09375,"-":5.5,"=":7.10938,"\\":7.51562,";":3.89062,":":3.89062,"'":4.125,"\"":7.03125,"?":7.04688,"/":7.54688,".":3.89062,">":7.10938,",":3.89062,"<":7.10938,"`":5.10938}