{"0":9.82812,"1":6.875,"2":8.9375,"3":8.82812,"4":9.04688,"5":8.45312,"6":9.0625,"7":8.04688,"8":9.54688,"9":9.0625,"a":8.0625,"b":8.96875,"c":7.26562,"d":9.1875,"e":7.73438,"f":5.20312,"g":8.15625,"h":9.3125,"i":4.6875,"j":4.67188,"k":8.57812,"l":4.57812,"m":14.0938,"n":9.45312,"o":8.625,"p":9.14062,"q":8.95312,"r":6.5625,"s":6.92188,"t":5.53125,"u":9.20312,"v":7.95312,"w":11.7969,"x":8.07812,"y":7.875,"z":7.10938,"A":10.7344,"B":10.4688,"C":10.2812,"D":11.9844,"E":10.4531,"F":9.59375,"G":11.6094,"H":13.0469,"I":6.23438,"J":8.28125,"K":11.1094,"L":9.65625,"M":14.8438,"N":12.2812,"O":11.9062,"P":9.76562,"Q":11.9062,"R":11.2344,"S":8.98438,"T":9.90625,"U":12.1094,"V":10.6719,"W":15.6094,"X":11.375,"Y":9.84375,"Z":9.625,"~":10.2969,"!":5.29688,"@":14.8594,"#":10.2969,"$":9.76562,"%":13.0781,"^":10.2969,"&":11.375,"*":7.5625,"(":6,")":6,"_":10.2969,"+":10.2969," ":3.85938,"{":6.89062,"}":6.89062,"[":6,"]":6,"-":5.98438,"=":10.2969,"\\":7.5,";":5,":":5,"'":3.45312,"\"":6.59375,"?":7.65625,"/":7.5,".":4.3125,">":10.2969,",":4.3125,"<":10.2969,"`":8}