{"0":8.59375,"1":7.8125,"2":8.59375,"3":8.59375,"4":8.59375,"5":8.59375,"6":8.59375,"7":8.59375,"8":8.59375,"9":8.59375,"a":8.60938,"b":8.59375,"c":8.59375,"d":8.59375,"e":8.59375,"f":8.59375,"g":8.59375,"h":8.59375,"i":6.23438,"j":6.25,"k":8.82812,"l":8.59375,"m":10.4844,"n":9.375,"o":8.59375,"p":8.59375,"q":8.59375,"r":8.59375,"s":8.59375,"t":7.8125,"u":8.59375,"v":8.60938,"w":11.4062,"x":8.59375,"y":8.59375,"z":8.59375,"A":8.60938,"B":8.59375,"C":8.59375,"D":8.59375,"E":8.59375,"F":8.59375,"G":8.59375,"H":8.59375,"I":6.23438,"J":6.25,"K":8.82812,"L":8.59375,"M":10.4844,"N":9.375,"O":8.59375,"P":8.59375,"Q":8.59375,"R":8.59375,"S":8.59375,"T":7.8125,"U":8.59375,"V":8.60938,"W":11.4062,"X":8.59375,"Y":8.59375,"Z":8.59375,"~":9.34375,"!":7.01562,"@":16.25,"#":8.90625,"$":10.1562,"%":14.2344,"^":7.51562,"&":10.6719,"*":6.23438,"(":5.32812,")":5.32812,"_":8.90625,"+":9.34375," ":4.45312,"{":5.34375,"}":5.34375,"[":4.45312,"]":4.45312,"-":5.45312,"=":9.34375,"\\":4.45312,";":4.45312,":":5.45312,"'":2.75,"\"":4.57812,"?":9.375,"/":4.45312,".":5.45312,">":9.34375,",":5.45312,"<":9.34375,"`":8.59375}