{"0":8.57812,"1":6.09375,"2":8.03125,"3":8.48438,"4":8,"5":8.59375,"6":8.67188,"7":6.26562,"8":8.5625,"9":8.67188,"a":8.0625,"b":8.3125,"c":7.92188,"d":8.3125,"e":8.1875,"f":4.625,"g":8.29688,"h":8.39062,"i":4.39062,"j":4.48438,"k":7.65625,"l":4.39062,"m":12.3438,"n":8.375,"o":8.1875,"p":8.3125,"q":8.29688,"r":5.73438,"s":7.53125,"t":4.875,"u":8.35938,"v":7,"w":10.7188,"x":6.9375,"y":7.17188,"z":5.625,"A":8.125,"B":8.84375,"C":8.85938,"D":8.84375,"E":6.65625,"F":6.375,"G":8.82812,"H":8.89062,"I":4.60938,"J":5.29688,"K":8.59375,"L":6.09375,"M":11.4688,"N":8.67188,"O":8.75,"P":8.03125,"Q":8.75,"R":8.625,"S":8.28125,"T":7.375,"U":8.75,"V":8.375,"W":13.0312,"X":7.71875,"Y":7.57812,"Z":6.35938,"~":8.40625,"!":4.32812,"@":12.4062,"#":10.0312,"$":8.76562,"%":11.0938,"^":7.73438,"&":9.21875,"*":4.5,"(":5.01562,")":5.01562,"_":8.84375,"+":8.53125," ":2.82812,"{":5.92188,"}":5.92188,"[":4.51562,"]":4.51562,"-":4.71875,"=":8.53125,"\\":6.32812,";":3.23438,":":3.23438,"'":2.96875,"\"":5.92188,"?":8.40625,"/":6.32812,".":2.95312,">":8.53125,",":2.6875,"<":8.53125,"`":5.34375}