{"0":11.4688,"1":6.59375,"2":11.8594,"3":11.5312,"4":11.625,"5":11.4531,"6":11.2969,"7":12.2188,"8":11.4219,"9":11.5625,"a":10.75,"b":9.67188,"c":10.1406,"d":9.6875,"e":10.8906,"f":9.23438,"g":10.4688,"h":9.25,"i":5.0625,"j":5.90625,"k":9.60938,"l":4.26562,"m":13.375,"n":9.5625,"o":10.2656,"p":9.70312,"q":9.70312,"r":8.98438,"s":9.4375,"t":9.23438,"u":10.1094,"v":11.1094,"w":14.9688,"x":10.6562,"y":11.0781,"z":10.7656,"A":13.2969,"B":11.0781,"C":11.8438,"D":11.3438,"E":11.3125,"F":10.4844,"G":12.6562,"H":11.6719,"I":4.4375,"J":10.6094,"K":11.2812,"L":10.7031,"M":14.4844,"N":11.6094,"O":12.875,"P":11.4062,"Q":12.875,"R":11.6719,"S":12,"T":12.4844,"U":11.4688,"V":14.0469,"W":16.7656,"X":12.4062,"Y":12.3281,"Z":12.4219,"~":10,"!":5.125,"@":12.9062,"#":14.5625,"$":11.9688,"%":9.90625,"^":9.875,"&":9.40625,"*":10,"(":7.71875,")":7.75,"_":14.5,"+":10," ":5.46875,"{":4.95312,"}":4.95312,"[":6.96875,"]":6.96875,"-":10,"=":10.0938,"\\":3.82812,";":4.85938,":":4.84375,"'":4.53125,"\"":4.95312,"?":11.1406,"/":7.3125,".":4.84375,">":8.71875,",":4.79688,"<":8.73438,"`":4.4375}