{"0":8.90625,"1":8.90625,"2":8.90625,"3":8.90625,"4":8.90625,"5":8.90625,"6":8.90625,"7":8.90625,"8":8.90625,"9":8.90625,"a":8.90625,"b":8.90625,"c":8,"d":8.90625,"e":8.90625,"f":4.45312,"g":8.90625,"h":8.90625,"i":3.5625,"j":3.5625,"k":8,"l":3.5625,"m":13.3281,"n":8.90625,"o":8.90625,"p":8.90625,"q":8.90625,"r":5.32812,"s":8,"t":4.45312,"u":8.90625,"v":8,"w":11.5625,"x":8,"y":8,"z":8,"A":10.6719,"B":10.6719,"C":11.5625,"D":11.5625,"E":10.6719,"F":9.78125,"G":12.4531,"H":11.5625,"I":4.45312,"J":8,"K":10.6719,"L":8.90625,"M":13.3281,"N":11.5625,"O":12.4531,"P":10.6719,"Q":12.4531,"R":11.5625,"S":10.6719,"T":9.78125,"U":11.5625,"V":10.6719,"W":15.1094,"X":10.6719,"Y":10.6719,"Z":9.78125,"~":9.34375,"!":4.45312,"@":16.25,"#":8.90625,"$":8.90625,"%":14.2344,"^":7.51562,"&":10.6719,"*":6.23438,"(":5.32812,")":5.32812,"_":8.90625,"+":9.34375," ":4.45312,"{":5.34375,"}":5.34375,"[":4.45312,"]":4.45312,"-":5.32812,"=":9.34375,"\\":4.45312,";":4.45312,":":4.45312,"'":3.0625,"\"":5.6875,"?":8.90625,"/":4.45312,".":4.45312,">":9.34375,",":4.45312,"<":9.34375,"`":5.32812}