{"0":7.4375,"1":7.4375,"2":7.4375,"3":7.4375,"4":7.4375,"5":7.4375,"6":7.4375,"7":7.4375,"8":7.4375,"9":7.4375,"a":7.3125,"b":7.89062,"c":6.84375,"d":8.09375,"e":7.15625,"f":4.95312,"g":8,"h":8.60938,"i":4.34375,"j":4.35938,"k":8.1875,"l":4.21875,"m":12.6406,"n":8.67188,"o":8.0625,"p":8.29688,"q":8.04688,"r":5.95312,"s":6.23438,"t":5.0625,"u":8.5,"v":7.95312,"w":11.9531,"x":7.84375,"y":8.23438,"z":6.78125,"A":11.125,"B":9.40625,"C":10.3438,"D":11.2188,"E":8.78125,"F":7.625,"G":11.125,"H":11.6875,"I":4.75,"J":5.15625,"K":10.1875,"L":8.42188,"M":13.4219,"N":11.1875,"O":11.2344,"P":8.5,"Q":11.2344,"R":9.39062,"S":7.76562,"T":9.54688,"U":10.5781,"V":10.4375,"W":15.2656,"X":10.5625,"Y":9.20312,"Z":9.65625,"~":7.1875,"!":4.60938,"@":14.3125,"#":7.4375,"$":7.4375,"%":10.1875,"^":8.28125,"&":11.2812,"*":5.90625,"(":4.76562,")":4.76562,"_":7.78125,"+":8.79688," ":4,"{":4.4375,"}":4.4375,"[":5.70312,"]":5.70312,"-":5.40625,"=":8.79688,"\\":4.59375,";":3.78125,":":3.78125,"'":3.04688,"\"":5.375,"?":6.95312,"/":5.17188,".":3.51562,">":8.79688,",":3.51562,"<":8.79688,"`":6.26562}