{"0":7.4375,"1":7.4375,"2":7.4375,"3":7.4375,"4":7.4375,"5":7.4375,"6":7.4375,"7":7.4375,"8":7.4375,"9":7.4375,"a":7.26562,"b":7.53125,"c":6.70312,"d":7.79688,"e":6.95312,"f":4.90625,"g":7.73438,"h":8.17188,"i":4.26562,"j":4.35938,"k":7.84375,"l":4.04688,"m":12.3438,"n":8.40625,"o":7.71875,"p":7.875,"q":7.6875,"r":5.71875,"s":5.98438,"t":4.79688,"u":8.10938,"v":7.59375,"w":11.4062,"x":7.76562,"y":7.92188,"z":6.5625,"A":11.1875,"B":9.34375,"C":10.375,"D":11.2812,"E":9.07812,"F":7.95312,"G":11.3594,"H":11.6562,"I":4.84375,"J":5.54688,"K":10.3438,"L":8.1875,"M":13.1719,"N":11.1562,"O":11.125,"P":8.46875,"Q":11.125,"R":10,"S":7.76562,"T":9.54688,"U":10.6875,"V":10.7812,"W":15.7031,"X":10.8281,"Y":9.76562,"Z":9.5625,"~":7.1875,"!":4.60938,"@":14.3125,"#":7.4375,"$":7.42188,"%":10.1875,"^":8.28125,"&":11.0781,"*":5.90625,"(":4.76562,")":4.76562,"_":7.78125,"+":8.4375," ":4,"{":4.26562,"}":4.26562,"[":5.70312,"]":5.70312,"-":5.40625,"=":8.4375,"\\":4.59375,";":4.09375,":":4.09375,"'":3.04688,"\"":5.375,"?":6.71875,"/":5.07812,".":3.51562,">":7.79688,",":3.51562,"<":7.79688,"`":6.26562}