{"0":7.4375,"1":7.4375,"2":7.10938,"3":7.4375,"4":7.4375,"5":7.4375,"6":7.4375,"7":7.4375,"8":7.4375,"9":7.4375,"a":7.70312,"b":8.0625,"c":6.85938,"d":8.48438,"e":7.25,"f":5.03125,"g":7.98438,"h":8.78125,"i":4.15625,"j":4.35938,"k":8.04688,"l":4.03125,"m":12.9062,"n":8.625,"o":8,"p":8.375,"q":8.35938,"r":5.6875,"s":6.34375,"t":5.4375,"u":8.59375,"v":7.3125,"w":11.4688,"x":7.28125,"y":8.09375,"z":6.65625,"A":10.0625,"B":9.85938,"C":10.8281,"D":11.3594,"E":8.60938,"F":8.0625,"G":11.4688,"H":11.6094,"I":4.70312,"J":5.125,"K":10.0625,"L":8.23438,"M":14.1719,"N":11.4844,"O":11.8594,"P":8.9375,"Q":11.8594,"R":9.59375,"S":8.09375,"T":8.64062,"U":11.0781,"V":10.0938,"W":15.2188,"X":9.29688,"Y":9.3125,"Z":9.95312,"~":7.1875,"!":3.64062,"@":14.3125,"#":7.51562,"$":7.4375,"%":10.875,"^":8.28125,"&":11.3594,"*":6.92188,"(":4.79688,")":4.79688,"_":7.78125,"+":8.4375," ":4,"{":4.4375,"}":4.4375,"[":5.78125,"]":5.78125,"-":5.32812,"=":8.4375,"\\":4.67188,";":3.51562,":":3.51562,"'":3.04688,"\"":5.375,"?":6.48438,"/":5.17188,".":3.51562,">":7.79688,",":3.51562,"<":7.79688,"`":6.26562}