{"0":9.92188,"1":9.92188,"2":9.92188,"3":9.92188,"4":9.92188,"5":9.92188,"6":9.92188,"7":9.92188,"8":9.92188,"9":9.92188,"a":8.53125,"b":9.25,"c":7.89062,"d":9.25,"e":8.40625,"f":8.14062,"g":9.01562,"h":9.125,"i":4.96875,"j":5.6875,"k":8.84375,"l":4.96875,"m":12.5625,"n":9.04688,"o":8.92188,"p":9.17188,"q":9.17188,"r":7.20312,"s":7.95312,"t":8.04688,"u":8.96875,"v":8.76562,"w":12.6406,"x":8.70312,"y":8.76562,"z":8.59375,"A":10.6094,"B":9.57812,"C":9.8125,"D":10.5312,"E":9.40625,"F":9.15625,"G":11,"H":10.8438,"I":5.07812,"J":8.45312,"K":9.8125,"L":9.3125,"M":13.0781,"N":11,"O":11.4219,"P":9.60938,"Q":11.9219,"R":9.92188,"S":8.85938,"T":10.1406,"U":10.5156,"V":10.6094,"W":14.0938,"X":10.4062,"Y":10.4062,"Z":9.875,"~":11.1562,"!":5.17188,"@":13.1719,"#":10.8594,"$":9.04688,"%":13.125,"^":10.1406,"&":11.4844,"*":8.4375,"(":6.17188,")":6.17188,"_":9.01562,"+":11.7344," ":4.32812,"{":8.21875,"}":8.21875,"[":7.53125,"]":7.53125,"-":7.48438,"=":12.0625,"\\":8.125,";":6.15625,":":5.8125,"'":3.79688,"\"":6.40625,"?":9.96875,"/":8.125,".":4.53125,">":10.6875,",":4.875,"<":10.6875,"`":4.35938}