{"0":8.95312,"1":8.95312,"2":8.95312,"3":8.95312,"4":8.95312,"5":8.95312,"6":8.95312,"7":8.95312,"8":8.95312,"9":8.95312,"a":9.01562,"b":9.82812,"c":7.875,"d":9.82812,"e":8.5625,"f":5.90625,"g":8.60938,"h":10.1719,"i":5.125,"j":4.8125,"k":9.375,"l":4.96875,"m":15.125,"n":10.3281,"o":9.23438,"p":9.82812,"q":9.82812,"r":7.54688,"s":7.21875,"t":5.64062,"u":10.1719,"v":9.26562,"w":13.7969,"x":9.25,"y":9.04688,"z":8.1875,"A":11.2812,"B":10.4688,"C":9.82812,"D":11.6406,"E":9.96875,"F":9.45312,"G":11.4375,"H":12.7031,"I":5.875,"J":5.71875,"K":11.2031,"L":9.96875,"M":15.0156,"N":12.2188,"O":11.875,"P":9.67188,"Q":11.875,"R":10.5,"S":8.71875,"T":9.8125,"U":11.4844,"V":10.8125,"W":16.7656,"X":10.5625,"Y":10.0156,"Z":9.48438,"~":8.95312,"!":5.32812,"@":14.75,"#":8.95312,"$":8.95312,"%":14.3438,"^":8.07812,"&":11.875,"*":8.01562,"(":5.54688,")":5.54688,"_":7.35938,"+":8.95312," ":3.60938,"{":6.85938,"}":6.85938,"[":5.76562,"]":5.76562,"-":4.96875,"=":8.95312,"\\":3.84375,";":4.57812,":":4.57812,"'":2.48438,"\"":4.5625,"?":8.01562,"/":4.60938,".":4.01562,">":8.95312,",":4.01562,"<":8.95312,"`":4.07812}