{"0":9.15625,"1":9.15625,"2":9.15625,"3":9.15625,"4":9.15625,"5":9.15625,"6":9.15625,"7":9.15625,"8":9.15625,"9":9.15625,"a":8.98438,"b":9.84375,"c":7.6875,"d":9.84375,"e":9.03125,"f":5.51562,"g":9.84375,"h":9.89062,"i":4.14062,"j":4.14062,"k":8.54688,"l":4.14062,"m":14.9688,"n":9.89062,"o":9.6875,"p":9.84375,"q":9.84375,"r":6.60938,"s":7.67188,"t":5.78125,"u":9.89062,"v":8.14062,"w":12.5781,"x":8.46875,"y":8.17188,"z":7.53125,"A":10.2344,"B":10.4062,"C":10.125,"D":11.6875,"E":8.90625,"F":8.3125,"G":11.6562,"H":11.8594,"I":5.4375,"J":4.375,"K":9.90625,"L":8.39062,"M":14.5156,"N":12.1719,"O":12.5,"P":9.6875,"Q":12.5,"R":9.95312,"S":8.79688,"T":8.90625,"U":11.7031,"V":9.60938,"W":14.8906,"X":9.39062,"Y":9.0625,"Z":9.15625,"~":9.15625,"!":4.3125,"@":14.3906,"#":10.3438,"$":9.15625,"%":13.2969,"^":9.15625,"&":11.7188,"*":8.82812,"(":4.8125,")":4.8125,"_":7.10938,"+":9.15625," ":4.17188,"{":6.09375,"}":6.09375,"[":5.26562,"]":5.26562,"-":5.15625,"=":9.15625,"\\":5.95312,";":4.29688,":":4.29688,"'":3.60938,"\"":6.53125,"?":6.95312,"/":5.95312,".":4.29688,">":9.15625,",":4.29688,"<":9.15625,"`":4.5}