{"0":8.59375,"1":8.59375,"2":8.59375,"3":8.59375,"4":8.59375,"5":8.59375,"6":8.59375,"7":8.59375,"8":8.59375,"9":8.59375,"a":8.5,"b":9.26562,"c":7.26562,"d":9.26562,"e":8.51562,"f":5.21875,"g":9.26562,"h":9.35938,"i":3.9375,"j":3.9375,"k":8.14062,"l":3.92188,"m":14.125,"n":9.35938,"o":9.125,"p":9.26562,"q":9.26562,"r":6.26562,"s":7.23438,"t":5.53125,"u":9.32812,"v":7.71875,"w":11.8906,"x":8.03125,"y":7.75,"z":7.09375,"A":9.67188,"B":9.8125,"C":9.51562,"D":11,"E":8.375,"F":7.85938,"G":10.9531,"H":11.1875,"I":5.15625,"J":4.17188,"K":9.375,"L":7.9375,"M":13.7031,"N":11.5156,"O":11.7656,"P":9.14062,"Q":11.7656,"R":9.42188,"S":8.28125,"T":8.39062,"U":11.0312,"V":9.09375,"W":14.0312,"X":8.90625,"Y":8.57812,"Z":8.625,"~":8.59375,"!":4.09375,"@":13.5312,"#":9.71875,"$":8.59375,"%":12.5938,"^":8.60938,"&":11.0469,"*":8.29688,"(":4.5625,")":4.5625,"_":6.64062,"+":8.59375," ":3.90625,"{":5.73438,"}":5.73438,"[":4.95312,"]":4.95312,"-":4.85938,"=":8.60938,"\\":5.64062,";":4.07812,":":4.07812,"'":3.4375,"\"":6.21875,"?":6.57812,"/":5.64062,".":4.07812,">":8.59375,",":4.07812,"<":8.59375,"`":4.40625}