{"0":10.4062,"1":9.29688,"2":9.75,"3":10.0312,"4":10.8594,"5":9.89062,"6":10.4062,"7":9.76562,"8":10.6562,"9":10.3906,"a":9.73438,"b":10.1875,"c":9.26562,"d":10.3281,"e":10.375,"f":7.54688,"g":10.3281,"h":9.98438,"i":4.1875,"j":5.73438,"k":10.3438,"l":5.48438,"m":15.5156,"n":10.2344,"o":10.375,"p":10.625,"q":11.6406,"r":7.65625,"s":9.03125,"t":7.8125,"u":9.75,"v":10.875,"w":14.0938,"x":11.1406,"y":10.875,"z":9.45312,"A":13.0312,"B":10.7812,"C":11.75,"D":12.1562,"E":9.85938,"F":9.04688,"G":12.5312,"H":11.4062,"I":4.25,"J":7.23438,"K":11.7656,"L":9.6875,"M":13.3281,"N":11.3281,"O":13.1406,"P":10.2812,"Q":13.6875,"R":11.4375,"S":10.5625,"T":12.2188,"U":11.2812,"V":13.0312,"W":17.1094,"X":12.3438,"Y":12.1875,"Z":11.875,"~":12.3594,"!":4.46875,"@":16.1875,"#":13.2969,"$":9.90625,"%":15.7812,"^":12.3594,"&":13.3281,"*":9.9375,"(":5.67188,")":5.67188,"_":10.6562,"+":12.3594," ":6.26562,"{":8.28125,"}":7.125,"[":5.26562,"]":5.26562,"-":6.60938,"=":12.3594,"\\":7.28125,";":4.92188,":":4.39062,"'":3.67188,"\"":7.04688,"?":8.5,"/":8.04688,".":4.6875,">":12.7969,",":5.10938,"<":12.7969,"`":6.09375}