{"0":10.2344,"1":5.96875,"2":9.79688,"3":9.64062,"4":9.9375,"5":9.9375,"6":9.5625,"7":8.35938,"8":9.78125,"9":9.5625,"a":8.42188,"b":9,"c":8.01562,"d":9,"e":8.60938,"f":5.32812,"g":9.01562,"h":9.01562,"i":4.07812,"j":4.07812,"k":8.5,"l":4.20312,"m":13.5469,"n":9.01562,"o":8.9375,"p":9.03125,"q":9.01562,"r":6.23438,"s":7.51562,"t":5.98438,"u":9.01562,"v":8.20312,"w":11.4531,"x":8.26562,"y":8.48438,"z":8.09375,"A":10.875,"B":10.5,"C":10.3594,"D":10.9219,"E":9.59375,"F":9,"G":11.0156,"H":11.2031,"I":4.59375,"J":8.75,"K":10.5625,"L":8.95312,"M":12.8594,"N":11.3281,"O":11.6875,"P":10.0938,"Q":11.6875,"R":10.6406,"S":9.59375,"T":9.32812,"U":11.0312,"V":10.4375,"W":13.4531,"X":9.70312,"Y":10.2656,"Z":10.4062,"~":10.3281,"!":4.375,"@":12.9531,"#":10.9375,"$":9.42188,"%":13.9219,"^":10.3281,"&":10.8438,"*":8.53125,"(":5.5,")":5.5,"_":8.25,"+":10.3281," ":3.76562,"{":5.95312,"}":5.95312,"[":6.03125,"]":6.03125,"-":6.39062,"=":10.3281,"\\":7.84375,";":3.60938,":":3.60938,"'":3.4375,"\"":6.45312,"?":8.23438,"/":7.84375,".":3.60938,">":10.3281,",":3.60938,"<":10.3281,"`":5.89062}