{"0":9.21875,"1":5.35938,"2":7.4375,"3":8.29688,"4":8.125,"5":8.42188,"6":9.53125,"7":7.53125,"8":9.20312,"9":9.53125,"a":8.78125,"b":9.125,"c":8.76562,"d":9.25,"e":9.28125,"f":5.40625,"g":9.64062,"h":8.53125,"i":2.09375,"j":3.89062,"k":7.85938,"l":3.84375,"m":14.5,"n":8.9375,"o":9.67188,"p":9.09375,"q":9.4375,"r":5.07812,"s":7.9375,"t":4.64062,"u":9.10938,"v":8.32812,"w":12.875,"x":8.6875,"y":8.32812,"z":7.54688,"A":11,"B":10.1562,"C":11.2188,"D":11,"E":8.65625,"F":8.51562,"G":11.5312,"H":10.9531,"I":2.54688,"J":6.92188,"K":10.7188,"L":8.70312,"M":13.4531,"N":11.75,"O":12.2812,"P":9.23438,"Q":12.3438,"R":10.0625,"S":9.98438,"T":9.15625,"U":11.5156,"V":11.0938,"W":17.3906,"X":11.5156,"Y":10.2031,"Z":9.40625,"~":7.10938,"!":2.15625,"@":13.1562,"#":9.95312,"$":9.0625,"%":11.1719,"^":7.53125,"&":10.7031,"*":3.42188,"(":3.1875,")":3.17188,"_":8.875,"+":4.9375," ":5.20312,"{":2.10938,"}":2.10938,"[":2.42188,"]":2.35938,"-":6.89062,"=":7.04688,"\\":7.46875,";":1.29688,":":1.29688,"'":2.48438,"\"":3.4375,"?":6.79688,"/":7.46875,".":2.48438,">":7.59375,",":1.95312,"<":7.54688,"`":1.96875}