{"0":8.98438,"1":8.98438,"2":8.98438,"3":8.98438,"4":8.98438,"5":8.98438,"6":8.98438,"7":8.98438,"8":8.98438,"9":8.98438,"a":8.70312,"b":8.98438,"c":8.375,"d":9.03125,"e":8.48438,"f":5.5625,"g":8.98438,"h":8.8125,"i":3.89062,"j":3.82812,"k":8.10938,"l":3.89062,"m":14.0312,"n":8.82812,"o":9.125,"p":8.98438,"q":9.09375,"r":5.42188,"s":8.25,"t":5.23438,"u":8.82812,"v":7.75,"w":12.0312,"x":7.9375,"y":7.57812,"z":7.9375,"A":10.4375,"B":9.96875,"C":10.4219,"D":10.5,"E":9.09375,"F":8.84375,"G":10.9062,"H":11.4062,"I":4.35938,"J":8.82812,"K":10.0312,"L":8.60938,"M":13.9688,"N":11.4062,"O":11,"P":10.0938,"Q":11,"R":9.85938,"S":9.5,"T":9.54688,"U":10.375,"V":10.1875,"W":14.2031,"X":10.0312,"Y":9.60938,"Z":9.57812,"~":10.8906,"!":4.125,"@":14.375,"#":9.85938,"$":8.98438,"%":11.7188,"^":6.6875,"&":9.95312,"*":6.89062,"(":5.46875,")":5.5625,"_":7.21875,"+":9.07812," ":3.96875,"{":5.42188,"}":5.42188,"[":4.25,"]":4.25,"-":4.42188,"=":8.78125,"\\":6.5625,";":3.39062,":":3.875,"'":2.79688,"\"":5.125,"?":7.5625,"/":6.59375,".":4.21875,">":8.35938,",":3.14062,"<":8.14062,"`":4.95312}