{"0":7.90625,"1":7.90625,"2":7.90625,"3":7.90625,"4":7.90625,"5":7.90625,"6":7.90625,"7":7.90625,"8":7.90625,"9":7.90625,"a":7.67188,"b":7.89062,"c":7.39062,"d":7.9375,"e":7.5,"f":5.0625,"g":7.89062,"h":7.73438,"i":3.67188,"j":3.57812,"k":7.21875,"l":3.67188,"m":12.0469,"n":7.75,"o":8.03125,"p":7.89062,"q":8.01562,"r":4.875,"s":7.29688,"t":4.73438,"u":7.73438,"v":6.84375,"w":10.4062,"x":7.03125,"y":6.67188,"z":7.03125,"A":9.21875,"B":8.73438,"C":9.07812,"D":9.14062,"E":7.95312,"F":7.6875,"G":9.45312,"H":9.92188,"I":4,"J":7.73438,"K":8.71875,"L":7.60938,"M":12.0938,"N":9.90625,"O":9.60938,"P":8.875,"Q":9.60938,"R":8.5,"S":8.29688,"T":8.32812,"U":8.98438,"V":8.96875,"W":12.1875,"X":8.8125,"Y":8.39062,"Z":8.35938,"~":9.4375,"!":3.9375,"@":12.3125,"#":8.76562,"$":7.90625,"%":10.125,"^":5.9375,"&":8.70312,"*":6.89062,"(":5.03125,")":5.09375,"_":6.48438,"+":7.95312," ":3.67188,"{":4.90625,"}":4.90625,"[":4.01562,"]":4.01562,"-":3.96875,"=":7.67188,"\\":5.90625,";":3.25,":":3.73438,"'":2.79688,"\"":5.125,"?":6.75,"/":5.9375,".":4.21875,">":7.35938,",":3.14062,"<":7.14062,"`":4.95312}