{"0":8.35938,"1":8.35938,"2":8.35938,"3":8.35938,"4":8.35938,"5":8.35938,"6":8.35938,"7":8.35938,"8":8.35938,"9":8.35938,"a":8.95312,"b":9.60938,"c":8.54688,"d":9.60938,"e":8.98438,"f":9.21875,"g":10.1562,"h":10.0312,"i":4.98438,"j":7.375,"k":9.48438,"l":5.01562,"m":14.6719,"n":10.0156,"o":8.95312,"p":9.60938,"q":9.60938,"r":8.6875,"s":8.07812,"t":8.60938,"u":9.95312,"v":10.4688,"w":13.6719,"x":10.5156,"y":11.0938,"z":7.9375,"A":10.5938,"B":10.0312,"C":9.60938,"D":10.0312,"E":9.70312,"F":9.70312,"G":10.375,"H":9.98438,"I":4.98438,"J":9.98438,"K":10.3125,"L":9.03125,"M":11.6562,"N":10.6562,"O":10.3438,"P":9.3125,"Q":10.3438,"R":10.4062,"S":9.60938,"T":9.70312,"U":10.625,"V":11.7656,"W":15.3438,"X":11.3281,"Y":10.7188,"Z":8.67188,"~":9.03125,"!":4.29688,"@":10.2188,"#":8.35938,"$":8.35938,"%":8.35938,"^":8.39062,"&":8.35938,"*":8.34375,"(":4.98438,")":4.98438,"_":9.60938,"+":9.70312," ":5.32812,"{":5.625,"}":5.625,"[":5.03125,"]":5.03125,"-":5.32812,"=":9.98438,"\\":8.39062,";":4.21875,":":4.4375,"'":4.42188,"\"":7.78125,"?":8.03125,"/":8.39062,".":4.4375,">":9.60938,",":4.21875,"<":9.60938,"`":5.01562}