{"0":8.39062,"1":8.39062,"2":8.39062,"3":8.39062,"4":8.39062,"5":8.39062,"6":8.39062,"7":8.39062,"8":8.39062,"9":8.39062,"a":8.40625,"b":8.92188,"c":7.92188,"d":8.92188,"e":8.73438,"f":5.92188,"g":8.03125,"h":8.75,"i":4.5625,"j":5.875,"k":8.07812,"l":4.71875,"m":13.2812,"n":8.75,"o":8.59375,"p":8.92188,"q":8.92188,"r":6.21875,"s":6.48438,"t":6.34375,"u":8.75,"v":7.84375,"w":11.9062,"x":8.01562,"y":7.89062,"z":7.59375,"A":9.4375,"B":9.0625,"C":9.57812,"D":9.8125,"E":8.57812,"F":8.40625,"G":10.8281,"H":10.4688,"I":4.45312,"J":7.625,"K":9.21875,"L":8.10938,"M":11.3594,"N":10.2188,"O":10.7812,"P":8.92188,"Q":10.8125,"R":9.3125,"S":7.70312,"T":9.29688,"U":10.375,"V":9.40625,"W":13.6406,"X":8.90625,"Y":9.125,"Z":8.8125,"~":8.39062,"!":5.875,"@":12.3281,"#":8.39062,"$":8.39062,"%":9.60938,"^":8.39062,"&":11.2969,"*":5.875,"(":5.875,")":5.875,"_":8.39062,"+":8.39062," ":4.82812,"{":5.875,"}":5.875,"[":5.875,"]":5.875,"-":5.875,"=":8.39062,"\\":5.6875,";":5.875,":":5.875,"'":2.5625,"\"":5.20312,"?":5.875,"/":8.39062,".":5.875,">":8.39062,",":5.875,"<":8.39062,"`":8.39062}