{"0":9.03125,"1":9.03125,"2":9.03125,"3":9.03125,"4":9.03125,"5":9.03125,"6":9.03125,"7":9.03125,"8":9.03125,"9":9.03125,"a":8.35938,"b":9.4375,"c":7.45312,"d":9.4375,"e":8.95312,"f":6.1875,"g":9.25,"h":9.14062,"i":4.0625,"j":4.0625,"k":8.35938,"l":4.375,"m":13.7812,"n":9.1875,"o":9.45312,"p":9.4375,"q":9.4375,"r":6.1875,"s":7.14062,"t":6.4375,"u":9.1875,"v":8.04688,"w":12.4375,"x":8.1875,"y":7.95312,"z":7.54688,"A":10.6094,"B":10.2969,"C":9.92188,"D":11.4219,"E":9.14062,"F":8.59375,"G":10.7656,"H":11.2812,"I":4.3125,"J":8.01562,"K":10.0781,"L":8.3125,"M":13.9375,"N":11.6562,"O":12.4531,"P":9.73438,"Q":12.4531,"R":10.0781,"S":8.51562,"T":9.04688,"U":11.0156,"V":10.5,"W":14.875,"X":10.1094,"Y":9.57812,"Z":9.17188,"~":9.03125,"!":4.42188,"@":15.2031,"#":10.6875,"$":9.03125,"%":13.7344,"^":9.03125,"&":10.6562,"*":7.6875,"(":5.1875,")":5.1875,"_":7.875,"+":9.03125," ":3.70312,"{":5.32812,"}":5.32812,"[":5.26562,"]":5.26562,"-":4.79688,"=":9.03125,"\\":6.15625,";":3.9375,":":3.9375,"'":3.85938,"\"":6.70312,"?":6.46875,"/":6.15625,".":3.9375,">":9.03125,",":3.9375,"<":9.03125,"`":6.03125}