{"0":6.89062,"1":6.89062,"2":6.89062,"3":6.89062,"4":6.89062,"5":6.89062,"6":6.89062,"7":6.89062,"8":6.89062,"9":6.89062,"a":6.95312,"b":7.48438,"c":5.65625,"d":7.48438,"e":6.98438,"f":4.90625,"g":7.48438,"h":7.71875,"i":3.875,"j":3.875,"k":6.84375,"l":3.89062,"m":11.1719,"n":7.71875,"o":7.42188,"p":7.48438,"q":7.48438,"r":5.25,"s":5.46875,"t":5.14062,"u":7.6875,"v":6.35938,"w":9.17188,"x":6.28125,"y":6.34375,"z":5.70312,"A":8.0625,"B":8.34375,"C":7.51562,"D":9.21875,"E":7.29688,"F":6.82812,"G":8.40625,"H":9.21875,"I":4.14062,"J":6.32812,"K":8.25,"L":6.6875,"M":11.625,"N":9.29688,"O":9.6875,"P":7.76562,"Q":9.6875,"R":8.23438,"S":6.40625,"T":6.82812,"U":8.79688,"V":7.95312,"W":12.1094,"X":7.54688,"Y":7.21875,"Z":6.92188,"~":6.89062,"!":4.21875,"@":13.1875,"#":9.07812,"$":6.89062,"%":10.3281,"^":6.89062,"&":8.1875,"*":6.20312,"(":4.5625,")":4.5625,"_":5.875,"+":6.89062," ":3.125,"{":4.26562,"}":4.26562,"[":4.5,"]":4.5,"-":3.73438,"=":6.89062,"\\":4.32812,";":3.71875,":":3.71875,"'":3.5625,"\"":6.0625,"?":5.48438,"/":4.32812,".":3.71875,">":6.89062,",":3.71875,"<":6.89062,"`":5.03125}