{"0":10.1719,"1":10.1719,"2":10.1719,"3":10.1719,"4":10.1719,"5":10.1719,"6":10.1719,"7":10.1719,"8":10.1719,"9":10.1719,"a":9.60938,"b":9.96875,"c":8.34375,"d":9.96875,"e":9.53125,"f":5.625,"g":9.96875,"h":10.125,"i":4.39062,"j":5.51562,"k":9.46875,"l":4.39062,"m":15.5625,"n":10.125,"o":9.71875,"p":9.96875,"q":9.96875,"r":6.82812,"s":8.34375,"t":6.3125,"u":10.125,"v":9.46875,"w":13.0938,"x":9.46875,"y":9.46875,"z":8.40625,"A":10.9375,"B":10.9688,"C":11.1719,"D":12.3281,"E":10.125,"F":9.20312,"G":12.4062,"H":12.0312,"I":6.73438,"J":7.28125,"K":11.0938,"L":8.90625,"M":13.4844,"N":11.9688,"O":12.5938,"P":9.65625,"Q":12.5938,"R":11.125,"S":10.9375,"T":9.85938,"U":11.7188,"V":10.9375,"W":15.8281,"X":10.9688,"Y":9.84375,"Z":10.9688,"~":13.0938,"!":6.29688,"@":16,"#":13.0938,"$":10.1719,"%":17.2188,"^":13.0938,"&":11.625,"*":10.1719,"(":7.26562,")":7.26562,"_":10.1719,"+":13.0938," ":5.625,"{":10.1562,"}":10.1562,"[":7.26562,"]":7.26562,"-":7.26562,"=":13.0938,"\\":7.26562,";":7.26562,":":7.26562,"'":4.29688,"\"":7.34375,"?":8.73438,"/":7.26562,".":5.82812,">":13.0938,",":5.82812,"<":13.0938,"`":10.1719}