{"0":8.25,"1":5.65625,"2":7.45312,"3":7.54688,"4":7.46875,"5":7.71875,"6":7.875,"7":6.8125,"8":7.89062,"9":7.71875,"a":6.76562,"b":7.23438,"c":6.375,"d":7.20312,"e":6.625,"f":4.76562,"g":7.10938,"h":7.32812,"i":2.95312,"j":3,"k":6.5625,"l":2.89062,"m":11.2031,"n":7.32812,"o":6.875,"p":7.21875,"q":7.25,"r":4.45312,"s":6.125,"t":4.90625,"u":7.15625,"v":6.51562,"w":9.76562,"x":6.45312,"y":6.46875,"z":6.20312,"A":8.375,"B":8.65625,"C":8.07812,"D":8.92188,"E":7.84375,"F":7.625,"G":8.875,"H":9.20312,"I":3.51562,"J":7.8125,"K":8.29688,"L":7.375,"M":10.6875,"N":9.20312,"O":8.84375,"P":8.25,"Q":8.85938,"R":8.39062,"S":7.60938,"T":7.51562,"U":8.76562,"V":8.39062,"W":11.5312,"X":8.03125,"Y":7.89062,"Z":7.6875,"~":6.78125,"!":3.89062,"@":11.9062,"#":9.53125,"$":7.85938,"%":10.4688,"^":6.70312,"&":9.20312,"*":6.125,"(":5.1875,")":5.1875,"_":6.32812,"+":6.85938," ":3.46875,"{":5.59375,"}":5.125,"[":4.625,"]":4.625,"-":5.1875,"=":6.85938,"\\":6.42188,";":3.3125,":":3.46875,"'":2.5625,"\"":4.79688,"?":7.3125,"/":6.40625,".":3.45312,">":6.85938,",":2.95312,"<":6.84375,"`":0}